Query Plans

1. List the name of the student with id equal to v1 (id).
	Statement: SELECT name FROM Student WHERE Student.id = 788387;
	Query Plan: 
	+----+-------------+---------+------------+------+---------------+------+---------+------+--------+----------+-------------+
	| id | select_type | table   | partitions | type | possible_keys | key  | key_len | ref  | rows   | filtered | Extra       |
	+----+-------------+---------+------------+------+---------------+------+---------+------+--------+----------+-------------+
	|  1 | SIMPLE      | Student | NULL       | ALL  | NULL          | NULL | NULL    | NULL | 489708 |    10.00 | Using where |
	+----+-------------+---------+------------+------+---------------+------+---------+------+--------+----------+-------------+
	1 row in set, 1 warning (0.01 sec)
	

2. List the names of students with id in the range of v2 (id) to v3 (inclusive).
	Statement: SELECT name FROM Student WHERE Student.id BETWEEN 329333 AND 564950;
	Query Plan: 
	+----+-------------+---------+------------+------+---------------+------+---------+------+--------+----------+-------------+
	| id | select_type | table   | partitions | type | possible_keys | key  | key_len | ref  | rows   | filtered | Extra       |
	+----+-------------+---------+------------+------+---------------+------+---------+------+--------+----------+-------------+
	|  1 | SIMPLE      | Student | NULL       | ALL  | NULL          | NULL | NULL    | NULL | 489708 |    11.11 | Using where |
	+----+-------------+---------+------------+------+---------------+------+---------+------+--------+----------+-------------+
	1 row in set, 1 warning (0.00 sec)


3. List the names of students who have taken course v4 (crsCode).
	Statement: SELECT name FROM Student s JOIN Transcript t on t.studId = s.id WHERE t.crsCode = 'crsCode569673';
	Query Plan: 
	+----+-------------+-------+------------+------+---------------+------+---------+------+--------+----------+----------------------------------------------------+
	| id | select_type | table | partitions | type | possible_keys | key  | key_len | ref  | rows   | filtered | Extra                                              |
	+----+-------------+-------+------------+------+---------------+------+---------+------+--------+----------+----------------------------------------------------+
	|  1 | SIMPLE      | t     | NULL       | ALL  | NULL          | NULL | NULL    | NULL | 472708 |    10.00 | Using where                                        |
	|  1 | SIMPLE      | s     | NULL       | ALL  | NULL          | NULL | NULL    | NULL | 489708 |    10.00 | Using where; Using join buffer (Block Nested Loop) |
	+----+-------------+-------+------------+------+---------------+------+---------+------+--------+----------+----------------------------------------------------+
	2 rows in set, 1 warning (0.00 sec)


4. List the names of students who have taken a course taught by professor v5 (name).
	Statement: SELECT s.name FROM Student s JOIN Transcript tr ON tr.studId = s.id JOIN Teaching t ON t.crsCode = tr.crsCode AND t.semester = tr.semester JOIN Professor p ON p.id = t.profId WHERE p.name = 'name817907';
	Query Plan: 
	+----+-------------+-------+------------+------+---------------+------+---------+------+--------+----------+----------------------------------------------------+
	| id | select_type | table | partitions | type | possible_keys | key  | key_len | ref  | rows   | filtered | Extra                                              |
	+----+-------------+-------+------------+------+---------------+------+---------+------+--------+----------+----------------------------------------------------+
	|  1 | SIMPLE      | p     | NULL       | ALL  | NULL          | NULL | NULL    | NULL | 470066 |    10.00 | Using where                                        |
	|  1 | SIMPLE      | t     | NULL       | ALL  | NULL          | NULL | NULL    | NULL | 468001 |    10.00 | Using where; Using join buffer (Block Nested Loop) |
	|  1 | SIMPLE      | tr    | NULL       | ALL  | NULL          | NULL | NULL    | NULL | 472708 |     1.00 | Using where; Using join buffer (Block Nested Loop) |
	|  1 | SIMPLE      | s     | NULL       | ALL  | NULL          | NULL | NULL    | NULL | 489708 |    10.00 | Using where; Using join buffer (Block Nested Loop) |
	+----+-------------+-------+------------+------+---------------+------+---------+------+--------+----------+----------------------------------------------------+
	4 rows in set, 1 warning (0.00 sec)
	

5. List the names of students who have taken a course from department v6 (deptId), but not v7.
	Statement: select name from Student s join Transcript t on s.id = t.studId join Course c on c.crsCode = t.crsCode where c.deptId = 'deptId848958' MINUS select name from Student s join Transcript t on s.id = t.studId join Course c on c.crsCode = t.crsCode where c.deptId = 'deptId593018';
	Query Plan: 
	+----+-------------+-------+------------+------+---------------+------+---------+------+--------+----------+----------------------------------------------------+
	| id | select_type | table | partitions | type | possible_keys | key  | key_len | ref  | rows   | filtered | Extra                                              |
	+----+-------------+-------+------------+------+---------------+------+---------+------+--------+----------+----------------------------------------------------+
	|  1 | SIMPLE      | c     | NULL       | ALL  | NULL          | NULL | NULL    | NULL | 453104 |    10.00 | Using where                                        |
	|  1 | SIMPLE      | t     | NULL       | ALL  | NULL          | NULL | NULL    | NULL | 472708 |    10.00 | Using where; Using join buffer (Block Nested Loop) |
	|  1 | SIMPLE      | s     | NULL       | ALL  | NULL          | NULL | NULL    | NULL | 489708 |    10.00 | Using where; Using join buffer (Block Nested Loop) |
	+----+-------------+-------+------------+------+---------------+------+---------+------+--------+----------+----------------------------------------------------+
	3 rows in set, 1 warning (0.00 sec)
	



6. List the names of students who have taken all courses offered by department v8 (deptId).
	Statement: SELECT student.name  FROM (SELECT crsCode FROM Course WHERE Course.deptId = 'deptId76008') AS t1  JOIN Transcript ON t1.crsCode = Transcript.crsCode JOIN Student ON transcript.studId = student.id;
	Query Plan: 
	+----+-------------+------------+------------+------+---------------+------+---------+------+--------+----------+----------------------------------------------------+
	| id | select_type | table      | partitions | type | possible_keys | key  | key_len | ref  | rows   | filtered | Extra                                              |
	+----+-------------+------------+------------+------+---------------+------+---------+------+--------+----------+----------------------------------------------------+
	|  1 | SIMPLE      | Course     | NULL       | ALL  | NULL          | NULL | NULL    | NULL | 453104 |    10.00 | Using where                                        |
	|  1 | SIMPLE      | Transcript | NULL       | ALL  | NULL          | NULL | NULL    | NULL | 472708 |    10.00 | Using where; Using join buffer (Block Nested Loop) |
	|  1 | SIMPLE      | Student    | NULL       | ALL  | NULL          | NULL | NULL    | NULL | 489708 |    10.00 | Using where; Using join buffer (Block Nested Loop) |
	+----+-------------+------------+------------+------+---------------+------+---------+------+--------+----------+----------------------------------------------------+
	3 rows in set, 1 warning (0.00 sec)